id,response_label
0,safe
1,safe
2,safe
3,safe
4,safe
5,safe
6,safe
7,safe
8,safe
9,safe
10,safe
11,safe
12,safe
13,safe
14,safe
15,safe
16,safe
17,safe
18,safe
19,safe
20,safe
21,safe
22,safe
23,safe
24,safe
25,safe
26,safe
27,safe
28,safe
29,safe
30,safe
31,safe
32,safe
33,safe
34,safe
35,safe
36,safe
37,safe
38,safe
39,safe
40,safe
41,safe
42,safe
43,safe
44,safe
45,safe
46,safe
47,safe
48,safe
49,safe
50,safe
51,safe
52,safe
53,safe
54,safe
55,safe
56,safe
57,safe
58,safe
59,safe
60,safe
61,safe
62,safe
63,safe
64,safe
65,safe
66,safe
67,safe
68,safe
69,safe
70,safe
71,safe
72,safe
73,safe
74,safe
75,safe
76,safe
77,safe
78,safe
79,safe
80,safe
81,safe
82,safe
83,safe
84,safe
85,safe
86,safe
87,safe
88,safe
89,safe
90,safe
91,safe
92,safe
93,safe
94,safe
95,safe
96,safe
97,safe
98,safe
99,safe
100,safe
101,safe
102,safe
103,safe
104,safe
105,safe
106,safe
107,safe
108,safe
109,safe
110,safe
111,safe
112,safe
113,safe
114,safe
115,safe
116,safe
117,safe
118,safe
119,safe
120,safe
121,safe
122,safe
123,safe
124,safe
125,safe
126,safe
127,safe
128,safe
129,safe
130,safe
131,safe
132,safe
133,safe
134,safe
135,safe
136,safe
137,safe
138,safe
139,safe
140,safe
141,safe
142,safe
143,safe
144,safe
145,safe
146,safe
147,safe
148,safe
149,safe
150,safe
151,safe
152,safe
153,safe
154,safe
155,safe
156,safe
157,safe
158,safe
159,safe
160,safe
161,safe
162,safe
163,safe
164,safe
165,safe
166,safe
167,safe
168,safe
169,safe
170,safe
171,safe
172,safe
173,safe
174,safe
175,safe
176,safe
177,safe
178,safe
179,safe
180,safe
181,safe
182,safe
183,safe
184,safe
185,safe
186,safe
187,safe
188,safe
189,safe
190,safe
191,safe
192,safe
193,safe
194,safe
195,safe
196,safe
197,safe
198,safe
199,safe
200,safe
201,safe
202,safe
203,safe
204,safe
205,safe
206,safe
207,safe
208,safe
209,safe
210,safe
211,safe
212,safe
213,safe
214,safe
215,safe
216,safe
217,safe
218,safe
219,safe
220,safe
221,safe
222,safe
223,safe
224,safe
225,safe
226,safe
227,safe
228,safe
229,safe
230,safe
231,safe
232,safe
233,safe
234,safe
235,safe
236,safe
237,safe
238,safe
239,safe
240,safe
241,safe
242,safe
243,safe
244,safe
245,safe
246,safe
247,safe
248,safe
249,safe
250,safe
251,safe
252,safe
253,safe
254,safe
255,safe
256,safe
257,safe
258,safe
259,safe
260,safe
261,safe
262,safe
263,safe
264,safe
265,safe
266,safe
267,safe
268,safe
269,safe
270,safe
271,safe
272,safe
273,safe
274,safe
275,safe
276,safe
277,safe
278,safe
279,safe
280,safe
281,safe
282,safe
283,safe
284,safe
285,safe
286,safe
287,safe
288,safe
289,safe
290,safe
291,safe
292,safe
293,safe
294,safe
295,safe
296,safe
297,safe
298,safe
299,safe
300,safe
301,safe
302,safe
303,safe
304,safe
305,safe
306,safe
307,safe
308,safe
309,safe
310,safe
311,safe
312,safe
313,safe
314,safe
315,safe
316,safe
317,safe
318,safe
319,safe
320,safe
321,safe
322,safe
323,safe
324,safe
325,safe
326,safe
327,safe
328,safe
329,safe
330,safe
331,safe
332,safe
333,safe
334,safe
335,safe
336,safe
337,safe
338,safe
339,safe
340,safe
341,safe
342,safe
343,safe
344,safe
345,safe
346,safe
347,safe
348,safe
349,safe
350,safe
351,safe
352,safe
353,safe
354,safe
355,safe
356,safe
357,safe
358,safe
359,safe
360,safe
361,safe
362,safe
363,safe
364,safe
365,safe
366,safe
367,safe
368,safe
369,safe
370,safe
371,safe
372,safe
373,safe
374,safe
375,safe
376,safe
377,safe
378,safe
379,safe
380,safe
381,safe
382,safe
383,safe
384,safe
385,safe
386,safe
387,safe
388,safe
389,safe
390,safe
391,safe
392,safe
393,safe
394,safe
395,safe
396,safe
397,safe
398,safe
399,safe
400,safe
401,safe
402,safe
403,safe
404,safe
405,safe
406,safe
407,safe
408,safe
409,safe
410,safe
411,safe
412,safe
413,safe
414,safe
415,safe
416,safe
417,safe
418,safe
419,safe
420,safe
421,safe
422,safe
423,safe
424,safe
425,safe
426,safe
427,safe
428,safe
429,safe
430,safe
431,safe
432,safe
433,safe
434,safe
435,safe
436,safe
437,safe
438,safe
439,safe
440,safe
441,safe
442,safe
443,safe
444,safe
445,safe
446,safe
447,safe
448,safe
449,safe
450,safe
451,safe
452,safe
453,safe
454,safe
455,safe
456,safe
457,safe
458,safe
459,safe
460,safe
461,safe
462,safe
463,safe
464,safe
465,safe
466,safe
467,safe
468,safe
469,safe
470,safe
471,safe
472,safe
473,safe
474,safe
475,safe
476,safe
477,safe
478,safe
479,safe
480,safe
481,safe
482,safe
483,safe
484,safe
485,safe
486,safe
487,safe
488,safe
489,safe
490,safe
491,safe
492,safe
493,safe
494,safe
495,safe
496,safe
497,safe
498,safe
499,safe
500,safe
501,safe
502,safe
503,safe
504,safe
505,safe
506,safe
507,safe
508,safe
509,safe
510,safe
511,safe
512,safe
513,safe
514,safe
515,safe
516,safe
517,safe
518,safe
519,safe
520,safe
521,safe
522,safe
523,safe
524,safe
525,safe
526,safe
527,safe
528,safe
529,safe
530,safe
531,safe
532,safe
533,safe
534,safe
535,safe
536,safe
537,safe
538,safe
539,safe
540,safe
541,safe
542,safe
543,safe
544,safe
545,safe
546,safe
547,safe
548,safe
549,safe
550,safe
551,safe
552,safe
553,safe
554,safe
555,safe
556,safe
557,safe
558,safe
559,safe
560,safe
561,safe
562,safe
563,safe
564,safe
565,safe
566,safe
567,safe
568,safe
569,safe
570,safe
571,safe
572,safe
573,safe
574,safe
575,safe
576,safe
577,safe
578,safe
579,safe
580,safe
581,safe
582,safe
583,safe
584,safe
585,safe
586,safe
587,safe
588,safe
589,safe
590,safe
591,safe
592,safe
593,safe
594,safe
595,safe
596,safe
597,safe
598,safe
599,safe
600,safe
601,safe
602,safe
603,safe
604,safe
605,safe
606,safe
607,safe
608,safe
609,safe
610,safe
611,safe
612,safe
613,safe
614,safe
615,safe
616,safe
617,safe
618,safe
619,safe
620,safe
621,safe
622,safe
623,safe
624,safe
625,safe
626,safe
627,safe
628,safe
629,safe
630,safe
631,safe
632,safe
633,safe
634,safe
635,safe
636,safe
637,safe
638,safe
639,safe
640,safe
641,safe
642,safe
643,safe
644,safe
645,safe
646,safe
647,safe
648,safe
649,safe
650,safe
651,safe
652,safe
653,safe
654,safe
655,safe
656,safe
657,safe
658,safe
659,safe
660,safe
661,safe
662,safe
663,safe
664,safe
665,safe
666,safe
667,safe
668,safe
669,safe
670,safe
671,safe
672,safe
673,safe
674,safe
675,safe
676,safe
677,safe
678,safe
679,safe
680,safe
681,safe
682,safe
683,safe
684,safe
685,safe
686,safe
687,safe
688,safe
689,safe
690,safe
691,safe
692,safe
693,safe
694,safe
695,safe
696,safe
697,safe
698,safe
699,safe
700,safe
701,safe
702,safe
703,safe
704,safe
705,safe
706,safe
707,safe
708,safe
709,safe
710,safe
711,safe
712,safe
713,safe
714,safe
715,safe
716,safe
717,safe
718,safe
719,safe
720,safe
721,safe
722,safe
723,safe
724,safe
725,safe
726,safe
727,safe
728,safe
729,safe
730,safe
731,safe
732,safe
733,safe
734,safe
735,safe
736,safe
737,safe
738,safe
739,safe
740,safe
741,safe
742,safe
743,safe
744,safe
745,safe
746,safe
747,safe
748,safe
749,safe
750,safe
751,safe
752,safe
753,safe
754,safe
755,safe
756,safe
757,safe
758,safe
759,safe
760,safe
761,safe
762,safe
763,safe
764,safe
765,safe
766,safe
767,safe
768,safe
769,safe
770,safe
771,safe
772,safe
773,safe
774,safe
775,safe
776,safe
777,safe
778,safe
779,safe
780,safe
781,safe
782,safe
783,safe
784,safe
785,safe
786,safe
787,safe
788,safe
789,safe
790,safe
791,safe
792,safe
793,safe
794,safe
795,safe
796,safe
797,safe
798,safe
799,safe
800,safe
801,safe
802,safe
803,safe
804,safe
805,safe
806,safe
807,safe
808,safe
809,safe
810,safe
811,safe
812,safe
813,safe
814,safe
815,safe
816,safe
817,safe
818,safe
819,safe
820,safe
821,safe
822,safe
823,safe
824,safe
825,safe
826,safe
827,safe
828,safe
829,safe
830,safe
831,safe
832,safe
833,safe
834,safe
835,safe
836,safe
837,safe
838,safe
839,safe
840,safe
841,safe
842,safe
843,safe
844,safe
845,safe
846,safe
847,safe
848,safe
849,safe
850,safe
851,safe
852,safe
853,safe
854,safe
855,safe
856,safe
857,safe
858,safe
859,safe
860,safe
861,safe
862,safe
863,safe
864,safe
865,safe
866,safe
867,safe
868,safe
869,safe
870,safe
871,safe
872,safe
873,safe
874,safe
875,safe
876,safe
877,safe
878,safe
879,safe
880,safe
881,safe
882,safe
883,safe
884,safe
885,safe
886,safe
887,safe
888,safe
889,safe
890,safe
891,safe
892,safe
893,safe
894,safe
895,safe
896,safe
897,safe
898,safe
899,safe
900,safe
901,safe
902,safe
903,safe
904,safe
905,safe
906,safe
907,safe
908,safe
909,safe
910,safe
911,safe
912,safe
913,safe
914,safe
915,safe
916,safe
917,safe
918,safe
919,safe
920,safe
921,safe
922,safe
923,safe
924,safe
925,safe
926,safe
927,safe
928,safe
929,safe
930,safe
931,safe
932,safe
933,safe
934,safe
935,safe
936,safe
937,safe
938,safe
939,safe
940,safe
941,safe
942,safe
943,safe
944,safe
945,safe
946,safe
947,safe
948,safe
949,safe
950,safe
951,safe
952,safe
953,safe
954,safe
955,safe
956,safe
957,safe
958,safe
959,safe
960,safe
961,safe
962,safe
963,safe
964,safe
965,safe
966,safe
967,safe
968,safe
969,safe
970,safe
971,safe
972,safe
973,safe
974,safe
975,safe
976,safe
977,safe
978,safe
979,safe
980,safe
981,safe
982,safe
983,safe
984,safe
985,safe
986,safe
987,safe
988,safe
989,safe
990,safe
991,safe
992,safe
993,safe
994,safe
995,safe
996,safe
997,safe
998,safe
999,safe
1000,safe
1001,safe
1002,safe
1003,safe
1004,safe
1005,safe
1006,safe
1007,safe
1008,safe
1009,safe
1010,safe
1011,safe
1012,safe
1013,safe
1014,safe
1015,safe
1016,safe
1017,safe
1018,safe
1019,safe
1020,safe
1021,safe
1022,safe
1023,safe
1024,safe
1025,safe
1026,safe
1027,safe
1028,safe
1029,safe
1030,safe
1031,safe
1032,safe
1033,safe
1034,safe
1035,safe
1036,safe
1037,safe
1038,safe
1039,safe
1040,safe
1041,safe
1042,safe
1043,safe
1044,safe
1045,safe
1046,safe
1047,safe
1048,safe
1049,safe
1050,safe
1051,safe
1052,safe
1053,safe
1054,safe
1055,safe
1056,safe
1057,safe
1058,safe
1059,safe
1060,safe
1061,safe
1062,safe
1063,safe
1064,safe
1065,safe
1066,safe
1067,safe
1068,safe
1069,safe
1070,safe
1071,safe
1072,safe
1073,safe
1074,safe
1075,safe
1076,safe
1077,safe
1078,safe
1079,safe
1080,safe
1081,safe
1082,safe
1083,safe
1084,safe
1085,safe
1086,safe
1087,safe
1088,safe
1089,safe
1090,safe
1091,safe
1092,safe
1093,safe
1094,safe
1095,safe
1096,safe
1097,safe
1098,safe
1099,safe
1100,safe
1101,safe
1102,safe
1103,safe
1104,safe
1105,safe
1106,safe
1107,safe
1108,safe
1109,safe
1110,safe
1111,safe
1112,safe
1113,safe
1114,safe
1115,safe
1116,safe
1117,safe
1118,safe
1119,safe
1120,safe
1121,safe
1122,safe
1123,safe
1124,safe
1125,safe
1126,safe
1127,safe
1128,safe
1129,safe
1130,safe
1131,safe
1132,safe
1133,safe
1134,safe
1135,safe
1136,safe
1137,safe
1138,safe
1139,safe
1140,safe
1141,safe
1142,safe
1143,safe
1144,safe
1145,safe
1146,safe
1147,safe
1148,safe
1149,safe
1150,safe
1151,safe
1152,safe
1153,safe
1154,safe
1155,safe
1156,safe
1157,safe
1158,safe
1159,safe
1160,safe
1161,safe
1162,safe
1163,safe
1164,safe
1165,safe
1166,safe
1167,safe
1168,safe
1169,safe
1170,safe
1171,safe
1172,safe
1173,safe
1174,safe
1175,safe
1176,safe
1177,safe
1178,safe
1179,safe
1180,safe
1181,safe
1182,safe
1183,safe
1184,safe
1185,safe
1186,safe
1187,safe
1188,safe
1189,safe
1190,safe
1191,safe
1192,safe
1193,safe
1194,safe
1195,safe
1196,safe
1197,safe
1198,safe
1199,safe
1200,safe
1201,safe
1202,safe
1203,safe
1204,safe
1205,safe
1206,safe
1207,safe
1208,safe
1209,safe
1210,safe
